{"path":"C:\\Users\\smart\\Desktop\\test2\\1.png","outputs":{"object":[{"name":"3","bndbox":{"xmin":"567","ymin":"373","xmax":"624","ymax":"493"}},{"name":"4","bndbox":{"xmin":"637","ymin":"366","xmax":"686","ymax":"514"}},{"name":"5","bndbox":{"xmin":"509","ymin":"367","xmax":"584","ymax":"537"}},{"name":"6","bndbox":{"xmin":"441","ymin":"373","xmax":"496","ymax":"492"}},{"name":"7","bndbox":{"xmin":"313","ymin":"371","xmax":"358","ymax":"500"}}]},"time_labeled":"1588750115840","labeled":true,"size":{"width":"1024","height":"768","depth":"3"}}